科室,出院人次,门（急）诊人次,医疗服务收入占比,门诊次均费用,门诊次均药品费用,住院次均费用,住院患者均次药品费用,CMI值,平均住院日,床位使用率,出院患者手术占比,出院患者四级手术占比,出院患者微创手术占比,DDDs,DDDs达标,(48小时)再入院例数,再次手术例数,住院超30天病例数,死亡例数（住院）,非医嘱离院例数（住院）,出院病历3个工作日归档率,检验危急值处理率,疑难病例讨论数,普通会诊未及时完成数,医疗不良事件上报数,督查扣分,临床路径入径率
ICU,14,,35.71%,,,164884.16,38790.70,6.75,17.50,96.89%,35.71%,40.00%,20.00%,25.73,达标,1,2,3,3,1,35.71%,97.37%,9,0,0,,-
中医科,112,943,46.26%,419.33,210.29,11952.60,1963.45,1.05,7.16,73.15%,3.60%,25.00%,0.00%,19.27,达标,0,0,1,0,0,62.50%,100.00%,0,31,0,1,0.00%
临床心理科,,1300,47.62%,316.09,100.07,,,,,,,,,,,0,0,0,0,0,,,0,30,0,,
乳甲外科,468,3987,31.77%,400.93,117.98,10759.60,1662.78,1.20,3.66,108.27%,43.59%,50.49%,0.49%,2.51,达标,1,2,0,0,0,81.41%,100.00%,3,13,4,0,17.31%
产科,530,3567,33.25%,411.11,73.73,7544.49,1142.21,0.54,3.41,100.98%,63.39%,0.47%,0.00%,71.91,未达标,1,0,1,0,0,45.66%,100.00%,1,2,4,0,8.87%
健康管理医学中心,,318,98.63%,2086.95,28.26,,,,,,,,,,,0,0,0,0,0,,,0,0,0,,
儿科,364,7912,51.41%,338.61,85.53,9058.60,2111.75,1.02,6.44,91.76%,2.75%,10.00%,50.00%,47.44,未达标,4,1,8,1,2,82.21%,100.00%,1,0,0,0,6.59%
全科医学科,49,1546,25.03%,316.95,164.36,12550.23,2754.49,0.92,34.17,78.04%,6.12%,0.00%,33.33%,67.35,未达标,0,0,2,1,0,57.14%,100.00%,5,2,1,0,0.00%
内分泌科,263,5576,15.00%,440.91,191.84,8737.11,1683.11,0.80,7.88,107.19%,3.04%,0.00%,0.00%,31.23,达标,0,0,0,0,7,65.53%,94.44%,9,282,2,1,53.23%
口腔科,43,4393,63.60%,400.03,8.35,27863.35,2912.54,2.39,11.71,65.87%,93.02%,2.50%,0.00%,22.59,达标,0,0,1,0,0,62.79%,,3,29,1,,4.65%
呼吸与危重症医学科,289,3258,23.47%,325.27,136.30,14431.68,4381.67,1.32,7.45,100.59%,5.54%,12.50%,25.00%,68.77,未达标,0,0,0,1,0,67.57%,91.98%,10,72,6,0,42.91%
器官移植科,176,1259,35.16%,1219.30,830.58,29782.85,7464.70,1.96,9.01,78.87%,14.77%,50.00%,26.92%,22.09,达标,1,2,6,0,0,68.16%,98.85%,3,13,2,0,6.25%
妇科,1401,11691,35.91%,586.07,118.48,12764.82,1703.36,1.00,3.83,126.28%,69.18%,22.90%,38.45%,44.93,未达标,2,4,0,0,1,55.27%,100.00%,22,16,6,5,6.71%
心胸外科,112,1120,27.04%,325.08,58.30,44417.89,4263.71,4.43,10.64,97.57%,80.36%,94.44%,83.33%,14.73,达标,0,2,0,0,0,53.57%,,21,68,2,1,19.64%
心血管内科,426,5230,15.61%,415.88,175.43,39866.16,2128.12,4.07,4.85,94.02%,65.96%,1.42%,0.00%,4.49,达标,1,0,0,1,1,33.51%,100.00%,10,119,1,1,11.27%
急诊科,25,9799,24.36%,375.81,50.94,55249.06,13304.90,3.82,10.69,97.83%,16.00%,50.00%,0.00%,31.39,达标,0,0,1,0,1,24.27%,100.00%,9,0,3,0,-
感染科,117,2117,19.90%,438.43,182.80,18825.81,6276.56,1.32,12.84,103.46%,1.71%,0.00%,0.00%,82.39,未达标,0,0,5,0,0,81.20%,89.47%,13,150,0,0,0.00%
放射科,54,65,19.89%,405.07,56.84,34826.20,3621.14,3.13,5.76,80.43%,66.67%,0.00%,0.00%,10.46,达标,0,0,0,0,0,64.81%,100.00%,1,94,0,0,7.41%
日间手术部,653,139,60.00%,59.23,3.90,4986.64,302.16,0.57,0.28,,84.97%,0.00%,1.62%,6.54,达标,1,0,0,0,0,81.62%,,0,0,0,,32.31%
核医学,,140,32.80%,727.57,146.29,,,,,,,,,,,0,0,0,0,0,,,0,4,0,,
泌尿外科,614,4884,30.34%,575.65,250.07,18797.53,2037.89,1.47,5.35,106.33%,80.56%,19.27%,17.65%,38.82,达标,0,2,0,0,0,62.01%,100.00%,3,4,10,1,1.14%
消化内科,452,7989,27.56%,612.10,266.08,9421.29,3253.97,0.92,4.62,104.14%,9.73%,0.00%,81.82%,19.83,达标,0,0,0,0,4,78.57%,100.00%,14,32,2,4,22.57%
烧伤科,51,204,53.69%,142.99,27.60,20754.58,5184.54,1.11,15.11,87.42%,70.59%,0.00%,0.00%,40.70,未达标,0,0,7,0,0,45.10%,100.00%,0,16,0,0,0.00%
生殖医学中心,,3292,12.74%,491.27,140.56,,,,,,,,,,,0,0,0,0,0,,,0,0,0,,
疼痛科,86,1268,37.59%,351.49,112.18,17566.92,942.88,3.92,11.22,96.38%,67.44%,60.34%,0.00%,6.66,达标,0,3,0,0,0,24.42%,,2,38,0,2,4.65%
病理科,,103,12.51%,4191.84,,,,,,,,,,,,0,0,0,0,0,,,0,0,0,0,
皮肤科,58,10969,54.50%,387.09,109.17,3825.25,783.76,0.46,6.20,91.30%,20.69%,0.00%,0.00%,53.91,未达标,0,0,0,0,0,81.03%,,0,63,0,2,5.17%
眼科,218,3954,42.16%,268.11,69.85,9982.04,1179.52,0.75,2.61,85.87%,74.31%,25.93%,0.62%,35.79,达标,0,8,0,0,1,70.18%,100.00%,0,79,0,1,13.76%
神经内科,371,4869,19.21%,485.11,139.72,21295.04,4243.94,2.27,8.12,98.49%,10.24%,78.95%,0.00%,10.36,达标,1,0,0,1,6,23.53%,100.00%,18,9,1,-1,34.50%
神经外科,108,497,15.36%,317.80,64.52,93562.75,15658.41,7.43,21.11,104.47%,62.96%,51.47%,0.00%,11.68,达标,0,8,7,0,4,56.75%,100.00%,2,26,1,0,5.56%
老年医学科,64,938,27.94%,352.52,208.51,9072.42,2001.43,0.75,10.38,103.38%,0.00%,0.00%,0.00%,43.21,未达标,0,0,0,0,0,85.94%,100.00%,3,0,1,-1,3.12%
耳鼻咽喉头颈外科,506,6532,35.33%,426.04,190.94,11785.24,1321.15,1.18,5.13,122.64%,81.42%,7.04%,1.46%,40.56,未达标,0,2,2,0,0,62.79%,100.00%,12,8,4,0,47.23%
肝胆胰外科一病区,244,631,30.46%,313.01,62.73,18277.06,4205.14,1.73,6.60,112.66%,38.52%,9.57%,94.68%,26.51,达标,0,12,6,0,0,65.98%,100.00%,18,25,1,1,5.33%
肝胆胰外科二病区,209,605,30.84%,307.48,66.90,24074.12,5638.46,2.02,8.60,103.99%,52.88%,16.36%,86.36%,26.42,达标,0,4,4,0,0,64.59%,100.00%,17,21,0,0,2.39%
肾病风湿免疫科,350,5097,18.54%,619.72,407.99,14461.24,3904.32,1.12,9.49,102.09%,10.86%,0.00%,0.00%,27.52,达标,0,0,5,1,0,76.25%,93.62%,19,26,1,1,0.00%
肿瘤科,1183,1960,49.84%,377.09,79.17,13377.56,4268.89,1.26,4.50,123.25%,0.84%,0.00%,10.00%,7.01,达标,0,0,2,0,4,79.69%,100.00%,6,0,2,1,0.34%
胃肠外科一病区,245,968,25.86%,422.54,86.10,26064.07,4737.46,2.07,7.36,103.07%,60.41%,43.24%,76.35%,26.24,达标,0,0,1,0,2,53.47%,100.00%,15,28,0,0,6.12%
胃肠外科二病区,196,1564,26.19%,266.99,20.76,26580.96,4481.78,2.26,8.64,107.62%,62.76%,39.84%,78.05%,23.95,达标,1,0,3,0,0,50.00%,100.00%,26,5,0,1,0.00%
脊柱外科,196,2620,38.01%,348.86,112.24,33540.14,1878.76,3.34,7.68,110.82%,82.65%,92.59%,22.84%,15.99,达标,0,5,0,0,0,48.47%,100.00%,6,53,0,1,31.12%
药学部,,48,100.00%,68.20,,,,,,,,,,,,0,0,0,0,0,,,0,0,0,,
营养科,,815,22.56%,279.86,107.19,,,,,,,,,,,0,0,0,0,0,,,0,181,0,,
血液内科,318,1880,21.75%,665.14,161.27,20427.62,9326.43,1.67,7.52,147.17%,0.95%,0.00%,0.00%,51.20,未达标,1,0,11,0,0,86.45%,98.45%,23,30,7,1,1.26%
血管外科,70,598,21.37%,189.56,55.70,21956.14,2453.21,2.22,5.02,98.55%,78.57%,5.45%,0.00%,13.58,达标,0,4,0,0,0,98.57%,100.00%,2,6,1,-1,100.00%
超声科,,319,18.81%,468.49,123.03,,,,,,,,,,,0,0,0,0,0,,,0,0,0,,
输血科,,,,,,,,,,,,,,,,0,0,0,0,0,,,0,0,0,0,
骨科,409,5401,38.46%,379.66,89.55,21994.70,2066.49,1.89,6.80,111.71%,90.69%,25.68%,35.41%,27.32,达标,1,6,3,0,0,30.93%,100.00%,8,55,3,0,15.65%
麻醉科,,3166,44.72%,91.74,48.48,,,,,,,,,,,0,0,0,0,0,,,0,49,0,,
